global/b9ee47d8-d361-11ec-97ae-ab1d92c4c2e7	png
user/c66c9362-591a-11ee-ade4-6b6dcb4fd4eb	
user/23a69e86-8523-11ee-bede-0b094f9cdc3a	
user/8677982a-590f-11ee-9217-dfa97913ebc4	
user/ff57d0d4-9a73-11ee-9b14-130830490d04	
user/0186e94c-8144-11ee-a35e-ef44c23164ec	
web/ffd31984-8393-11ee-8502-634d544a7f48	png
user/2fddb7da-9b1b-11ee-af5e-335ee0a29e05	
global/f5ec8afa-5ec3-11ec-8283-4f672ebecd4e	png
user/8ac4e288-86e2-11ee-acea-9f98ba358750	png
user/974a4764-8138-11ee-97dc-6310b3a1c044	
global/85184eb6-175d-11ec-98a9-17eb180bd5e4	png
user/5005f484-4c95-11ee-921d-17a13e68ca4b	
user/25eb38dc-844c-11ee-9884-ffbb245a5385	
global/c0d99f70-57d3-11ec-9afb-afe2344a95eb	png
user/365558d4-a7f0-11ee-b532-1783fef49115	
global/81838f62-374d-11ec-aded-f71fcae798a7	png
user/eb161c90-8473-11ee-a0fb-231f3018e0e7	
web/817961ce-4c93-11ee-8cd8-73c33586f890	png
user/d34457f4-7bbc-11ee-b471-e3c1aedd566f	
user/1c785bf8-847a-11ee-8cb6-53ad8bb940b7	
user/4bc42d12-9a71-11ee-9568-2fe736cc6b56	
user/63904fac-9a71-11ee-9428-a71b00625d56	
user/4b217d0a-8474-11ee-a5a0-7fd291682e49	
user/1946f1c0-8398-11ee-a99c-9fcf6a966d18	
user/3e8a54bc-7e49-11ee-8e95-a78baac1d3db	
user/f2b1db4c-8397-11ee-953d-9b37a89c0de5	
user/1b167da6-7e41-11ee-bf74-8fba3f00463a	
user/d002a5b4-bac8-11ee-b1b4-93a1dbedaa27	
user/07c04e10-8393-11ee-bc37-938ba66c04c7	
user/ea09178c-5910-11ee-8119-8360ca0cf2b7	
web/8f8940cc-8145-11ee-95fd-0f11a15c33ff	png
user/ce269550-82d5-11ee-b0a2-67998fbcc3d3	
user/d8f0d53c-844b-11ee-9f39-3f59341b9266	
user/33e55722-4e11-11ee-a2b2-8f7406d66a56	
user/77b6ca60-8473-11ee-b327-afec98d6dcb7	
global/d6e50cd2-3c2b-11ec-a2d4-5b3a5b5f9a70	png
user/3abcf2e2-a7f0-11ee-a51a-7b1423cbc45f	
user/205452d4-7e41-11ee-bf29-5709a6a89744	
user/e46bcbfa-4c93-11ee-8e56-6766f5366043	
global/65a42ce8-1dea-11eb-91bd-37a80a4342fd	png
web/39f89114-2923-11ee-94cf-eb29b3a5157d	png
user/dfec33f6-8138-11ee-a366-172b7e2ba725	
user/0fa0e354-8516-11ee-bbda-773eb32adc82	
user/d0a6aeba-86df-11ee-9d66-179db60858c8	
global/35bdc106-1dea-11eb-826d-679be72b4ae6	png
user/860dfc56-9b1a-11ee-9d72-877bd103fe83	
global/4a339890-1dea-11eb-8bb1-0b882aaddb1d	png
global/fcd66ce4-ef1a-11ed-815d-a7a845e2fdbc	png
global/654e712c-1dea-11eb-89f5-c36a3f0a9286	png
web/268162a4-8180-11ee-83c7-1f3bcbfa278f	png
global/ad2aa1c0-350f-11ee-8127-f3fafbec6aaf	png
user/881de5c6-aa59-11ee-847b-cf3f54661bd1	
user/d1af0e0e-8137-11ee-9eb6-f3e923677e37	
user/ca561f7a-4e43-11ee-a1b9-470456e23449	
global/e8bfa356-1de9-11eb-8bb1-eb5f5494eb81	png
user/89a6ec8c-8473-11ee-abe8-37c54881a651	
user/d59cad9c-56cf-11ee-83b2-8786141b9504	
user/6d367ea8-4e10-11ee-80e8-2bbe38401fae	
global/0f70afd6-1dea-11eb-9403-4f3b1290ffd5	png
global/97aecd70-1de9-11eb-a71d-1b77c975ca46	png
user/5359db36-86de-11ee-a8b1-2fe5fc3af9f5	
user/ad188eb4-8392-11ee-8505-e37be097fba5	
user/8fc59912-4e20-11ee-9d8e-a7d778df07bb	
user/de7170d6-5910-11ee-94f1-8b90a70fb3f5	
user/66031226-27b5-11ee-b868-9383d6ff8b4e	
global/cb0ce6c2-0a77-11ec-8e75-3bc102a7555f	png
user/1feefc46-8138-11ee-9a95-770db50921b1	
user/84ded074-56cf-11ee-b7e8-6b5a4d12b758	
global/bca4efc8-675e-11ec-a5ed-872bb51b278e	png
user/8959a234-9a70-11ee-90bf-9bd6916000b8	
user/f021091c-8472-11ee-9556-d3da77df9341	
user/42ef86c4-466f-11ee-a4ec-5737e125cdc7	
user/ed690e64-5910-11ee-885d-337bf96b6b52	
web/31ebe292-7bc0-11ee-862a-db5873262d7c	png
user/b285e8ba-4e1d-11ee-be04-67e16c2ede12	
user/55b6552e-8474-11ee-8f05-9394a513b0ac	
user/05d1d9dc-8138-11ee-8ff0-670a5f16992c	
user/9018bca0-817e-11ee-b773-ab992769a2ab	
web/5b76742c-591c-11ee-ba0d-0fbfae3ce43d	png
user/7ce7e130-bfa7-11ee-8dde-035cb87ef641	
user/a94b73be-8531-11ee-abd7-736112ef5bc1	
global/4b51777a-d35a-11ec-957b-47d163d6c833	png
web/f0bbf73e-4f4c-11ee-ade6-f361d035a529	png
user/9819c05a-8392-11ee-8dcf-870e6163794a	
global/6abeb0fe-1dea-11eb-9403-f74b5e5b61b1	png
user/187cffac-2928-11ee-8d1d-0f76a8d67bae	
user/a62a6a96-28d4-11ee-97e8-afa0f3ad4aa4	
user/9f27818a-2923-11ee-bcb1-0ff247557431	
global/842bde34-1728-11ed-80fb-3fcf7b4982a5	png
user/e0df1dd0-851d-11ee-bb04-03b1d746206b	
user/9b796b58-a8c0-11ee-a7d1-0b7c2778b4a9	
user/de473064-7e6d-11ee-92cc-8fd70b276eaa	
global/699eb976-1dea-11eb-9620-ebae33c3ec02	png
global/762ada9e-e0cb-11ec-a619-23389c86981c	png
user/62b02e7c-8144-11ee-985f-b3b2cae104d9	
global/8f3a21a2-041c-11ec-97ba-83cbd521f781	png
user/00bd3256-28ce-11ee-bc91-4795159fa619	
user/96ade2ee-8137-11ee-928e-fbe2b4e23f53	
global/29e3e580-eedc-11ec-aae8-fbc3157c7c50	png
global/db0ab4b0-3b3b-11ec-8e5b-17458e7771b8	png
web/072cf746-839d-11ee-a649-67a3bb8e935e	png
user/ee927d8e-2927-11ee-80b9-0b8a08d5195b	
user/237b91d6-4a46-11ee-bf1c-fbc2e059e0ba	
user/4aead098-baca-11ee-8a5d-dfe689635344	
user/febe5046-8473-11ee-88be-cf842dc9634d	
user/9136e424-8479-11ee-93ce-23ee86fcc96d	
user/02f42cec-9a83-11ee-a533-6f9d7178ad63	
user/1cc350aa-8398-11ee-953d-77086ff41864	
global/c01d3d0a-f8ac-11ed-b9fa-1bfbebf4813d	png
user/463fb818-8516-11ee-8e1b-f77c376924da	
user/df8b72e6-aa5a-11ee-a879-cfe65219e15a	
global/aa64f4b4-d362-11ec-a5fa-63494a6d71d8	png
user/4b1cca3c-4a43-11ee-98eb-1f0775999756	
user/c336bf3e-28d6-11ee-8660-a33347f78745	
user/de5a1858-8397-11ee-953d-0f10933bc668	
global/bff2b8fa-2f7f-11ee-817e-6b380234acd1	png
web/b125a86e-b3c8-11ee-9bef-4fc8034d0ed5	png
user/38afa722-2926-11ee-9f36-b7bec3ff1a9f	png
web/85bf8858-83ed-11ee-9a7c-83a42b384600	png
web/3cf7a4e4-8180-11ee-8bb1-1b8f7f4cda0d	png
user/cc52d928-82d5-11ee-aab3-83371bff149d	
user/8e0c21c2-8138-11ee-be91-97348debeaee	
user/906c354c-8138-11ee-823b-0f05a763519e	
user/54babb9c-8393-11ee-8505-47b30c00e113	
user/860046d0-4e38-11ee-bf6b-9382c0590937	
global/e85dd594-1768-11ec-9f54-47b37d05c302	png
user/915e3c48-4e43-11ee-acdd-57e4bb14f519	
user/8e85fc4e-86de-11ee-8cfc-d39a5b904286	
user/33364f50-4e40-11ee-abd7-8f460ced8229	
global/8584187a-1dea-11eb-a3c9-e7f3f3c97ff7	png
web/0a5a128e-6cf3-11ee-ae2c-9bae6827562e	png
global/481827b8-9e24-11ec-9e23-633252726f08	png
global/14321366-9b20-11ec-adf1-7ba75260c53f	png
user/3630fcb2-847a-11ee-966c-2f782f274827	
global/8d392fd4-1de9-11eb-939a-e70b4a2f9f39	png
user/d7902562-4e1d-11ee-8ae6-5f36af6cc21a	
global/1a7e32c2-1dea-11eb-826d-230ae9db9a83	png
global/e0ec2b56-26e2-11ec-8978-cf1cef5f3528	png
user/daa5c0ba-aa5a-11ee-b4de-63271d75ade3	
web/83117e2e-8517-11ee-aed5-9f4d11f5f2a1	png
global/5b45b3be-417c-11ec-8de6-77e0960d8326	png
user/3a049d3e-5910-11ee-b376-57c1090f7085	
global/f5bb9eb8-9a23-11ec-bea3-67a75399f768	png
global/b04ed71c-d35a-11ec-b694-274acf6087e0	png
user/d77b9780-8137-11ee-928e-bbc4a2bb3598	
user/e69ada48-8522-11ee-9ca1-df36ead578e8	
user/aaa7d8d8-bac9-11ee-b1b4-cb957b1a0c1a	
user/0f1cf794-844c-11ee-a486-77a5c2403e38	
global/da672744-15a4-11ec-bff6-5333a6ec7a7e	png
global/8243bd14-3752-11ec-8dba-130bbf894df4	png
global/1f0c1fd8-d361-11ec-b19a-03636694f5a9	png
global/fe159f50-d5ba-11ec-b512-fb85c1033b68	png
user/c90fffc0-56cf-11ee-ba4d-bb01e6e1acd9	
user/cebdf0e0-8392-11ee-82d9-cb658c573164	
user/6c2dfc2a-851f-11ee-9b1b-b7d31a0e7d36	
global/fe272826-5ebc-11ec-95e4-d3d5027980b2	png
user/dcf578ee-82d5-11ee-8f53-87cf97d95b12	
user/97fbc194-8479-11ee-a2bf-43ae317aa9cf	
user/f2372698-4c99-11ee-8f15-5f6b0b561ccc	
user/45f8f22e-8530-11ee-91b6-57cf7abc74a6	
global/75726528-09a2-11ec-be8c-03cd4d7212bb	png
user/0c79972c-8393-11ee-8505-eb4460d4c498	
user/0ece7e66-851e-11ee-805e-8706cf567288	
user/e74d44dc-5910-11ee-893f-2b917d248b6c	
user/0d3041de-28d5-11ee-b189-c7c471464363	
global/4acbbb18-eede-11ec-8a6f-9368d7d5c575	png
user/e117bcbe-2797-11ee-a270-9f0fbb4e9cda	
user/bfee846e-4e20-11ee-87ef-577ac59db048	
global/2af2eed2-1de9-11eb-826d-9f5875818e7b	png
user/82596676-bac9-11ee-b0cd-57bf7a4d75f2	
user/f0baaaea-bac8-11ee-a4e2-bbe5907d2f6b	
user/7843060a-56cf-11ee-9174-c74008df3a5b	
user/b4ac3298-8392-11ee-93c9-57359fae78b4	
user/317b507c-9a74-11ee-9428-e3a8d5aa1948	
user/27ef3cfc-7e41-11ee-925b-dbf9a9c1f7fb	
global/c7d8e9f6-32a4-11ec-bfd4-b7bcd685b909	png
user/280b9aa4-2799-11ee-a270-13521dda23e9	
user/34e7143c-baca-11ee-b2b4-1f983df2f3ed	
global/75a125b0-ec97-11ec-8066-ff9cc9c5bd94	png
user/28d4f370-27a0-11ee-b20e-bf5b44c9068d	
user/18080a70-28d4-11ee-94b3-1bd0b504620e	
global/054c5cd8-57b6-11ec-a70c-0f5105bf03c2	png
user/7d2ac9ba-4e1d-11ee-94d6-d3f16a89c455	
user/87dfb1bc-8479-11ee-864f-1b49b04e76a0	
web/ff4c69a2-4c98-11ee-9c64-0f87f479c3e0	png
global/60e92302-1dea-11eb-9c00-93bf23e98645	png
user/35803020-8138-11ee-8935-1b309350808a	
user/3d47294c-8473-11ee-a5a0-bf693cc7480b	
global/9978df42-1de9-11eb-8aa5-2b96fb0aa605	png
global/cd67d39e-1de9-11eb-9403-bf2dbecc2d0d	png
global/75a22368-f888-11ed-9eaa-b35e2a282d67	png
global/92f44aa0-26e2-11ec-a738-33d179bbf02c	png
web/0af6a854-4e14-11ee-bb12-87f53f930429	png
user/602464ac-86df-11ee-9d66-7317bc00a146	
global/33404f28-06b7-11ec-9802-9b33774c435c	png
user/0b882b74-4e43-11ee-a6f2-87deaae4c6f1	
global/e2168e8e-1de9-11eb-89f5-6358bf03f5d1	png
user/4c9edc6c-4a46-11ee-af07-abd763a7e0f6	
user/fd4dba82-7e6d-11ee-bb0d-e377bb40bf83	
web/f2be537c-4c92-11ee-96de-03da70c43314	png
user/fa3d5d9a-4c93-11ee-ba3d-1be0aff5d29f	
user/2cf04cb0-27b5-11ee-9ae8-6778d9e7d4f8	
user/067f7fd0-851e-11ee-aed0-47ee94ba1cd1	
user/743cc638-86de-11ee-ae74-df933329737c	
web/e29a6a78-4f4c-11ee-95f4-6f50ee55d73e	png
global/65b2816c-1dea-11eb-9403-4bcf859d6fc9	png
global/658d1968-1dea-11eb-a71d-cb74a4d5d494	png
global/efeb734e-27b6-11ec-bd07-93e6f03cf68e	png
user/80a58980-4e14-11ee-80e8-b316628732f5	
user/f3c1adbc-8137-11ee-9818-2bc1cfd5db4d	
user/a61cc400-466f-11ee-a4ec-6bb7bfef9d6d	
user/021d6cb6-8516-11ee-bbda-e7f2c44c6921	
global/8e56aa6c-a921-11ec-ae06-9b613f35fea6	png
user/e3e84e2a-8392-11ee-8502-83653c7b26c1	
user/9c4f57cc-8138-11ee-a988-0fc2e2d7a334	
user/2a39a272-7bbc-11ee-abd1-aba5ba01ba9c	
user/fe046ade-2927-11ee-a4d3-4b38e370b1aa	
user/98b7000e-aa5c-11ee-9d68-1fb40f5c78ce	
user/764a3488-2923-11ee-8fac-1b3cccd4cbc1	
user/20a6225e-56d1-11ee-9813-a33a271427ed	
global/e23f8a1c-4748-11ec-a9e8-b32e927ec383	png
user/a51699a4-9a6c-11ee-8871-5b56946716eb	
user/7af25cd0-8397-11ee-a001-bb4005061e5d	
web/07b03d16-9b1e-11ee-a5c6-f74ba9e9f538	png
web/b86fe9d0-56d1-11ee-83b2-ef315b271e59	png
user/84e4e0a4-a4f9-11ee-9525-c3c1dc21e471	
global/fd7ea0f4-1766-11ec-8a7c-7b4b0af7d0bd	png
user/7b056e5a-27a4-11ee-a0d2-2358f7e3e712	
global/1e959e04-1dea-11eb-9403-7321f37010fa	png
user/7fdcb1f8-aa59-11ee-ba69-f3387baf924e	
user/0bc4ac92-7bc1-11ee-9dc6-ab41ee446055	
user/a89afdb6-c0fc-11ee-b699-dbc28c9f1278	
user/e2d33ef6-5916-11ee-9595-f3b782f8e7f4	
global/c2745bc2-4252-11ec-8d3a-a7b2d2a3a1e5	png
global/bb7cb810-3bf8-11ec-883e-5f54c3a63519	png
user/d18037c0-27a8-11ee-9d2e-7bb6e2f0160f	
user/ebacccdc-2797-11ee-999f-0b0d7de31738	
web/5c4fc094-83f4-11ee-96c3-67b175b4be56	png
global/79bc86ea-1de9-11eb-b1e2-bbb38e0ce4e8	png
user/d9e5b0ee-5916-11ee-80ef-af0164619036	
user/04197446-7bbc-11ee-bbe1-7717538fb292	
user/af647100-591d-11ee-9008-678451d2289a	
user/8d3a2200-baca-11ee-8914-131179118b0c	
global/25c4167a-175d-11ec-98a9-03a4e715c172	png
user/f27e6b28-8143-11ee-a35e-27e9d3d8951e	
user/95ba7138-9a6c-11ee-be3f-bf4672320c0b	
user/a5836a0c-9a71-11ee-9428-ef46450eec80	
user/d2f94d7c-b3c5-11ee-99f9-07e15b4ac44a	
user/d69301da-7e41-11ee-ba4b-3f532a5d5570	
user/53688230-86e3-11ee-a627-4790493d61fb	
global/28e4a5f4-27b1-11ec-821e-73de29230fd0	png
user/a6a11ab0-27a8-11ee-83b1-37ff0315ba57	
user/750e16ea-7e44-11ee-8404-1366654ea014	
user/288c4ed4-8143-11ee-8682-b3657e75ff93	
user/4abea920-8472-11ee-9795-6f2e5534f825	
global/481adf02-11d9-11ed-8d55-dbd56b024771	png
global/44df4736-a921-11ec-8f1d-37e532b2a1d8	png
global/bb55c990-f938-11ed-8246-e7a9ba8bfa01	png
user/68aa33b2-9a6d-11ee-90bf-1f0d41eff984	
user/ec701ee8-82d3-11ee-b6f2-afd64f606743	
web/edfce6bc-9b1d-11ee-987c-f37a7d4022cc	png
user/460c0edc-4e11-11ee-ab1c-9f1ee3975430	
global/8779abf4-1dea-11eb-a3c9-db3cfcf3110e	png
user/f157b13a-7e39-11ee-86a6-1771d2ceda1c	
user/5854776c-86df-11ee-bb3b-bbba17ed19a3	
user/ca7b36e2-7e3c-11ee-b40f-e7cbc17ca2a6	
user/5d1a15fe-27a3-11ee-aa8c-9743eadae7ae	
user/094fba38-2928-11ee-b72d-ab7ff92c36f0	
user/479f3b78-86df-11ee-ae74-ab146d20f826	
user/c9588850-7e4b-11ee-9292-2b471aa2dcf9	
user/d03404f8-8137-11ee-9dc9-a358a4344b9d	
user/d9935774-a7ed-11ee-adcc-23ebcebc846d	
web/efa6883e-5918-11ee-9146-139de738b930	png
global/dfef1df2-8cff-11ec-b97f-d7cc9ff1e137	png
user/99246e90-8393-11ee-88b0-e7880f8a3fc6	
user/86afa124-4c95-11ee-a961-9ba1883f5bcf	
user/ca0fbfc6-817e-11ee-ae48-cfc5cd21b6d5	
web/5c6b58f2-8392-11ee-88d9-a38cee828ece	png
global/4ef8c722-eee7-11ec-bf7f-e32ea9e4d3dc	png
user/1bc9423a-9a73-11ee-900e-f3bebff2c5cc	
global/1f330112-1dea-11eb-8aa5-bff2aeb06cb3	png
global/b65d2aac-d35d-11ec-82f4-1f04c6043e64	png
user/17bee1de-7e41-11ee-9008-c7654decfb05	
user/c3069f8a-4c93-11ee-bb1f-9398b0e641bb	
global/7a27e574-1dea-11eb-be00-3faae7083489	png
user/996eaa7c-4e38-11ee-aedb-cfb4d75f778e	
global/12584766-06b7-11ec-9cfe-d7537c60948a	png
global/228662e6-d360-11ec-95bf-1f7151cea796	png
user/88ad3d38-817e-11ee-b114-1b0ef9938a14	
global/2b5dc86a-0a65-11ec-a8fb-670022cedf30	png
user/be014a18-4e2c-11ee-9d29-e72c03cf1c5e	
user/1504988a-2798-11ee-a5e7-4bd1b8397e25	
web/10bb929c-8521-11ee-9b1b-ffa60e40fb23	png
user/cdad0b48-86e2-11ee-a863-1f2c6e99599b	
user/26c18bc2-8144-11ee-9fbf-d7aafe2ab933	
user/3966aac0-9a74-11ee-9b14-7b493c3e6729	
global/edad8d4c-1de9-11eb-89f5-3f5c5109bcb1	png
web/f4b9e1e2-27b1-11ee-9a9a-1f2e664a614f	png
user/facd9f42-8521-11ee-b3b4-b3d620967ef5	
user/15c8ce7a-27b2-11ee-8ad8-ef3e7c660f6e	
user/e09050d0-4e43-11ee-bd20-67b5e6647574	
user/43dd8154-7e45-11ee-b48d-57341903214a	
user/061b869c-8398-11ee-bc85-5b16d9402d4b	
global/801b2e5a-1dea-11eb-9fa7-83917bde0a2c	png
user/e55eadee-851d-11ee-a9ae-6f8596653498	
user/10467e20-8522-11ee-8bef-2fd83f244969	
user/44995066-8523-11ee-bede-ab5ed1a76d64	
web/a5f945cc-4c99-11ee-8f15-7718efa7b272	png
user/11db09b0-8516-11ee-bbda-87f440890023	
global/9a346a3c-1de9-11eb-9072-83b40e058e9f	png
global/d72652c8-1764-11ec-afd4-bf00687c84e9	png
global/3d1861b6-69a8-11ed-8140-db47014d6978	png
user/843a2ac8-590f-11ee-b376-1bbadceef74f	
global/2d3a71d6-0b5c-11ec-847e-1bd32dcec5af	png
user/2df75232-7e3d-11ee-a332-6f068bbf49f1	
user/08766b9c-8522-11ee-8f64-afff22b2e730	
global/5658d73e-1dea-11eb-826d-5f204b81e236	png
web/2ffe6c32-7e7e-11ee-993b-f76573640559	png
global/8ccfd5ac-1de9-11eb-9072-1ff01a5fea13	png
user/a655cf1a-7e3d-11ee-9dac-73ed28a58c6a	
global/e5eec132-9a22-11ec-965f-93503b09f910	png
global/835b95ce-1de9-11eb-ab91-abc8ef4cb180	png
global/f6145088-53ad-11ec-958b-af562e8fb490	png
user/21d144c4-9a74-11ee-9b14-2bb034adf3ae	
user/e3397008-8473-11ee-a403-6fd34f5d0677	
global/3bce6ad2-3130-11ec-a1ab-e78ed96aaebe	png
user/83c87986-4e20-11ee-a208-932fc9d6d869	
user/6ea0bb72-4c95-11ee-bb64-bf4858595024	
user/325bce60-28d5-11ee-97e8-e33b99fab54f	
global/79ccd63a-1de9-11eb-9db7-87317385a655	png
global/9a779c9e-3756-11ec-a64e-5f8121f99ff3	png
user/a757e9b6-8531-11ee-a27b-03518a862c61	
user/55871b20-9a6c-11ee-8871-af126c4891b1	
user/4e50e77a-9a83-11ee-a670-2fe5a5f9f09a	
global/a9681118-3745-11ec-8318-e79c0d0b9662	png
global/db0617c0-aa8a-11ec-bd18-6b6c17d6f45c	png
global/69641bac-3745-11ec-9231-27b37be67e44	png
user/2421c730-56d1-11ee-b97d-db5928f89d5a	
user/44b3cf50-4e40-11ee-a4ad-27ea2b6ae7b1	
web/dda3850e-7e77-11ee-97c7-6b184193cf56	png
global/f55d7f18-341e-11ee-81d2-e3b2a68406a9	png
global/9cc0b3b2-9a1d-11ec-a243-9f4b43a5e03f	png
web/446bc444-4b20-11ee-a4e3-3b5afd9ed559	png
global/a4ecb978-ed2e-11ec-a100-a74d6fbbbef8	png
user/76be91c2-aa59-11ee-839c-835e3297f1af	
global/35102da2-1dea-11eb-89f5-a31abc981825	png
user/b6f9e688-8137-11ee-a988-cb1757c6bee2	
global/4bbc7b3c-2bd4-11ee-b5c3-ff680aa4a440	png
user/bddd68c2-82d5-11ee-a4f0-0f9f63ca8889	
web/9523c624-8483-11ee-852f-778bc1e459aa	png
user/2adb0114-4a46-11ee-9106-2f5c8511a384	
user/40d1c1aa-7e45-11ee-a38e-5761e2c413e0	
user/80c4acfe-28d3-11ee-bf66-7f64fe95772d	
global/9959930e-3b47-11ec-a9b8-7f789af56de7	png
user/a90bd0be-6226-11f0-9cf8-bf11004ada5d	
user/3d7d14fa-27b0-11ee-b619-8f67c75f995d	
user/e6053e44-82d3-11ee-b6f2-53c14693e9c1	
web/bb45125c-5915-11ee-b820-d3cf0da652ba	png
user/2b0ce2be-b446-11ee-9db2-ef36b505faf0	
user/5030b104-86df-11ee-8cfc-eb3de7aa9e5d	
user/392d0304-82d4-11ee-8f53-b3799882996e	
user/100f328c-4e43-11ee-abd7-6f0a6e2b31ff	
user/5fdd8722-466f-11ee-ae7b-1bd02c2045ad	
user/b8e56538-466f-11ee-ae7b-dbebb177b392	
global/d63c2f08-15c0-11ed-bf19-57565f06bea9	png
user/8ee8200c-28d0-11ee-a9aa-abd6bde59d88	
user/f53676cc-813d-11ee-8fec-df2c4b63bd91	
web/196c33f2-83f9-11ee-8d50-4b49218e5adc	png
user/ed8c433c-851d-11ee-bb04-23d288fd51a0	
global/7f762256-37e4-11ec-afdd-7fa924da0fb4	png
user/2e0b0908-82d4-11ee-9f56-5fe4dbf4bd86	
user/2a6af5a2-7e41-11ee-aa75-d7e13df1280b	
global/c4b3eb72-27af-11ec-b076-9b51c2ea43e9	png
user/581c6dea-27a3-11ee-afc1-9f5d7d709081	
user/ff89aa78-4e42-11ee-a244-774f70dd773f	
user/785583d0-27b2-11ee-909f-5766641f5943	
global/6bec968a-d35b-11ec-967c-979a89a848d2	png
user/44ea2f34-852f-11ee-b6af-fb9810bc1b10	
global/027b8438-d363-11ec-b5ea-171533c50766	png
global/47845436-1dea-11eb-8aa5-3f147698f23b	png
user/32ce656c-7bbc-11ee-abd1-23cc94dbe6cd	
global/1ae69150-1dea-11eb-be00-6ff12bd106ab	png
web/62a4a304-86cb-11ee-8686-8be899b6a0ee	png
user/e9753dea-5916-11ee-9598-4f2698c4661d	
user/0c941bea-28cd-11ee-ba00-bf15f1b84171	
user/2257d456-82d4-11ee-89e1-3ff96d330270	
user/812ca3b2-28d4-11ee-b0f3-470408effce2	
global/2f54bb7c-6785-11ec-beaa-232e11380d00	png
user/5888bca8-2928-11ee-b613-8b5eaf1cac28	
user/fa792c5c-8515-11ee-99db-2b65b87c1605	
user/2fff0a8e-4e40-11ee-9c00-eb2f778998f9	
global/9b03a0c8-c6fc-11ec-ab3f-731985ac3a2b	png
global/ffe3cb24-052a-11ec-a048-fff1700d8b86	png
web/37f6b134-83f0-11ee-a326-eb5614a39d98	png
global/1be94b44-26d4-11ec-8ebe-33886a566548	png
user/b83738ac-8146-11ee-b30e-3ba1134b80f8	
global/ba7ec69a-053b-11ec-8b50-fb0610230f8e	png
user/a6ab518a-8138-11ee-b4c3-8f8f4d3922cc	
user/a7ae5596-817e-11ee-b114-0fb3da722cd5	
user/af6ae022-8397-11ee-a99c-97671fd2a560	
global/0c3cf9f4-2bcb-11ee-bcb2-2bbdfca5c5fc	png
global/83766006-1dea-11eb-80cc-e3e4b716c280	png
user/ab4dc13a-8144-11ee-9254-6f42159ceaf6	
user/947b86b8-8473-11ee-b327-1fb48472ec09	
global/9e7b52b8-1de9-11eb-9072-d397b4066183	png
global/dc83ce3e-1760-11ec-9a57-df8613e80dc8	png
user/c02e24dc-8522-11ee-88bb-1fcbad9dda31	
user/3a8cba3c-83fb-11ee-a7a7-f3e05f9dab6e	png
user/29910a2c-8139-11ee-af50-d377dad35590	
global/bbf07262-9a23-11ec-9d71-5fab9b3a7ce8	png
user/1128680c-851e-11ee-95a3-03a3bcf97e0f	
global/c2658e72-628b-11ec-8b77-ff82b003b207	png
web/a529bcfc-4c90-11ee-a2ee-0310dc092958	png
global/d099af1c-53ab-11ec-add9-170332e482b1	png
user/00f60200-8398-11ee-8546-57dd45f5b32b	
global/316065b4-1dea-11eb-8aa5-170486470264	png
user/ae9dc484-27a8-11ee-918f-7750734ccf40	
user/4793452a-8144-11ee-89f1-4b8932ec7ae3	
global/97cf00a4-e0ca-11ec-922e-7b73d07f62bf	png
user/900b91e6-86de-11ee-b191-b360be42b2d5	
global/c117e43e-04d5-11ec-8203-7f4e2d133741	png
global/e41e0bc6-1de9-11eb-9403-03b6284958ae	png
user/d47e66dc-8472-11ee-abe8-43d5a270b051	
user/a1f7ce50-8531-11ee-89e3-efa4183859ff	
web/844ae5ae-8144-11ee-8ea8-47882149d687	png
global/c0761f00-3d88-11ec-8e22-f727576d1800	png
user/03e080d8-b446-11ee-be3f-b7a15ec0f05f	
user/5a178600-4e10-11ee-b010-174ad28a5101	
global/6f9189b4-910e-11ed-9f8f-d7535d6a5789	png
user/8e11a596-7e3d-11ee-9e2b-bbb5add64ccc	
user/351cba14-4a46-11ee-a18d-4fd789b2cd23	
global/88236a56-3746-11ec-8ce0-b31d1355f6d3	png
user/e2376a2a-bac9-11ee-b646-8b44ebf280c6	
user/281fd44a-4a46-11ee-9688-4b57c8c91c3c	
user/c9fbea6e-591a-11ee-8729-db300e465961	
user/d03312f2-9a71-11ee-9428-370f68559d8c	
user/7ef7c362-a4f6-11ee-aeb0-ab12c9d959bc	
user/a4bc5c32-8531-11ee-a680-0f5aeb030918	
user/dce275c6-5910-11ee-8119-47300ad8cb25	
user/9f1138da-86de-11ee-9d66-63d45b98a8a3	
user/c598e35e-28d3-11ee-956f-77fe2c8da2a4	
global/34a2e6ee-329c-11ec-9dbd-ebd3823305ee	png
global/aa04be06-3c2b-11ec-8a11-5fadf21e67fd	png
user/12c1e1f8-4c97-11ee-8676-83db95fc2e3c	
global/491471f0-1dea-11eb-9c00-175bfd4f6a9b	png
global/24f61cd0-353e-11ec-a41b-373a521c9402	png
user/5a72a2b2-bac9-11ee-9303-ab8175ce5474	
user/09d65398-8398-11ee-8e9f-4b4d5615f452	
user/2e1c42a2-4a46-11ee-af07-af68a4ab6ac1	
user/e757c80a-279f-11ee-8081-cbe41630502a	
user/462bb97a-4a43-11ee-8df4-17e29f1a71ad	
global/c397ca54-1de9-11eb-89f5-070b593c7e7c	png
global/1c713314-1cad-11ec-8eba-cb8c8c91b9d5	png
global/65846f5c-1dea-11eb-be00-e36a8d36c98e	png
user/f4745ba8-851d-11ee-a198-fb5393108b4d	
global/1f0beb2c-1dea-11eb-a71d-8399afbb961d	png
user/103ca068-4e44-11ee-858b-0f39e3431cc1	
global/f073612e-d6d3-11ec-8701-6766d59bbf38	png
user/4bfd6aec-591b-11ee-a982-6353c8c8d590	
global/1e0de798-d35b-11ec-a810-af6cc92136c4	png
user/0772cdb4-b446-11ee-bb60-733ce5985a2e	
web/042c9ee8-4e19-11ee-9261-d3607182296f	png
global/5a574042-1de9-11eb-b1e2-4f35356e2281	png
user/6172db76-8474-11ee-aa46-7fc792831f27	
global/dcc072b2-3128-11ec-a7df-7bf43a8baf85	png
user/09712d64-28d6-11ee-93d0-2b903a78d412	
user/6f8a7e30-56cf-11ee-9174-ff8c29948d67	
global/40f2111c-1dea-11eb-8bb1-e3156c724bcf	png
user/44a7ae08-847a-11ee-a090-f783f594c2a7	
user/86826ef8-aa59-11ee-9912-73ada7aadd69	
user/7931bc5a-8479-11ee-841b-bbe5c1b61656	
global/c337f198-26d9-11ec-b27b-f3bb98779fd9	png
user/cac78a38-8143-11ee-9ee2-33fce09a75c8	
global/9e6f4b9e-b415-11ec-ad2f-9322020db66d	png
user/ed502452-9a70-11ee-a3b8-1b1515c1c508	
global/a49f507a-341d-11ee-9f43-fb71e75c21bc	png
user/8d704e06-aa59-11ee-a91a-1b2d8d4bafee	
user/23c1817c-8138-11ee-97dc-cf3d6b0b025d	
user/533e37cc-27a3-11ee-a018-f3f167dc5aee	
user/f53e7bf0-86de-11ee-994c-bf23ee9d7049	
user/f793de88-8515-11ee-99db-f7585d12d640	
user/bf42afce-8479-11ee-a2bf-730960751f58	
global/d5a1c5f8-f05e-11ec-91e3-77dd4f08e3a3	png
global/f1baecac-eee6-11ec-8826-8b8ef8e97347	png
user/70f0507a-bac9-11ee-8f28-9f8036acfdc6	
user/17f51b0c-c589-11ee-9b9d-fb406e326738	png
global/3e8028ca-1de9-11eb-8aa5-8f022fedc333	png
user/dc2b757c-851d-11ee-a227-8f755b888db4	
user/6d31f830-27a3-11ee-bd90-d70734a77bd3	
user/58fd9ba2-9a6d-11ee-90bf-4faf28fa2925	
global/cb8cfcc2-3745-11ec-9231-330dec30e17b	png
global/2de3a5be-2bd3-11ee-bed0-9f55c2a687f3	png
user/7e0b6e72-7e4a-11ee-a4b5-ef5eccd5a7c7	
user/595038be-86de-11ee-a362-13d508f7655e	
user/8204fc7a-27a9-11ee-adea-8b40d6de631b	
user/741859ce-28d3-11ee-bf66-e73da103a828	
user/1db9d4ea-4e44-11ee-af55-97a4bb051869	
global/53e0627c-4253-11ec-be54-47a04ab9a7fc	png
user/38733dfe-8516-11ee-aed5-9bce3a45447e	
user/2198f3fa-8398-11ee-b247-db578cff1895	
user/1102532e-8474-11ee-a0fb-6b12f3ec0ea0	
user/aef8b1ea-851e-11ee-b0f1-c35db9958cd5	
user/ef96be08-7e49-11ee-b831-a364ca79834b	
user/7ec702ba-8532-11ee-8075-b7612312355b	
user/587ff97c-baca-11ee-94e9-2b21b6b6b6e7	
user/dce95ba0-8522-11ee-8281-1b138afc4d5d	
user/2a5695a2-4e40-11ee-a49a-0b1f5c868626	
user/7803d946-9a70-11ee-bcb1-87580ef52507	
web/00c6278c-5919-11ee-8441-77af3876d3ff	png
user/21c79f50-4c9a-11ee-88e9-f7c8ae0dd35b	
global/ea618360-596a-11ec-8e54-b7ad6984ce68	png
user/c0db8988-8144-11ee-b3fe-9f1e75016ea3	
web/ba78ef72-820c-11ee-856d-5f1ccaa59d8f	png
global/dfcc0416-346b-11ed-a4fa-6b7e9e9fe315	png
global/6464733e-1de9-11eb-ab91-6b721c237718	png
global/3572b9ae-1dea-11eb-826d-2b020348b34b	png
user/49e93104-8473-11ee-b0fa-eb2e7bf72a71	
user/676eb34c-8479-11ee-a1f9-db556f454524	
global/6eb35792-1643-11ee-a97b-5300226c1466	png
user/c44db7c6-8392-11ee-8505-d7bc7f505b95	
user/d42207a2-466f-11ee-9611-cfc5189af883	
global/e66b0f0a-1de9-11eb-a71d-b7ee583f0bcf	png
web/81816336-7e6d-11ee-b006-2b48b5e7c3aa	png
global/3d45171c-1dea-11eb-8aa5-83066dd5a681	png
global/d2adc9a2-f88a-11ed-b23f-635163e71dcb	png
user/8fe3c0e4-7bc1-11ee-95fd-bb502b9e6f77	
user/2e0ce782-86df-11ee-9d66-8ff8bee3114e	
user/f8ccb0d0-28cd-11ee-9f68-f71268c4eeab	
user/91e4f31c-86df-11ee-816e-9fcbbba2fe0b	
web/78cd9eba-591c-11ee-8448-1b38723d1e3f	png
web/f7ec6682-2798-11ee-999f-3b5ea7f022ea	png
global/5ea49e08-c700-11ec-8ef3-d748a667e84f	png
user/760f8b1e-4e10-11ee-bb12-d769b781ef58	
user/612cd5ea-baca-11ee-8914-03e57b79fc2f	
user/e19167a6-8473-11ee-9556-6fa4dff0029c	
user/687efc3e-86df-11ee-816e-13004242774c	
user/78f1e9c8-27a3-11ee-afc1-4fbfe1049567	
global/3b97e23c-1dea-11eb-91bd-cb8a0ab8827b	png
global/c5b51936-3cb5-11ec-94c5-1b5fb31280ec	png
user/93a5b0f8-8138-11ee-b4c3-573cd84cbd08	
user/1c940ff8-8531-11ee-89e3-833c5c0f964b	
user/aeea65a2-a8c0-11ee-aeda-bf56c251d9a4	
user/db7cb042-bac8-11ee-879c-1f309c3eb9f0	
global/29aa0848-ecb5-11ec-bb08-abf575d1c54e	png
user/0eda17aa-7bc1-11ee-96a6-175af5860c75	
global/2ac0f4d4-f8a9-11ed-a28c-ef48c3f2eba6	png
global/79c23f94-1dea-11eb-be00-dbab04118bd1	png
user/2513382c-4e43-11ee-a244-bf54f02ee259	
user/37c2b1a6-4a46-11ee-9688-574294ff9bc5	
global/ede59d9c-4253-11ec-a25e-1f70ac66373a	png
global/f5a6b73e-9e22-11ec-843f-67463084cd93	png
user/09219928-7bbc-11ee-95ea-635b97ca124b	
web/b7b63c20-7e3a-11ee-b992-ebde79cb4eb4	png
user/21548a64-7bbc-11ee-bc4f-5fb94f0df84e	
global/78e6e49e-1dea-11eb-9620-0f3fbc16bc89	png
user/e8e1a1f2-86de-11ee-b04c-ef93aae42304	
user/27ff8d58-844c-11ee-9d21-1708830e0e5d	
user/e98f46fe-8143-11ee-ad54-938987719964	
user/62128bcc-4e1d-11ee-8ae6-83a9c9ccbf24	
user/4100a57e-7e40-11ee-9bec-977944fe446c	
user/237703aa-847a-11ee-8cb6-7302ea1b966f	
global/84637478-329c-11ec-b1cd-434c2722a293	png
user/86260a10-8479-11ee-91d0-338e0a4c5e24	
global/ab8b19d2-6764-11ec-87ba-33935e526e77	png
global/2ecb3c22-d363-11ec-b0eb-4b02930c3a4c	png
global/b25f5034-3131-11ec-b7fc-a771abf004a8	png
user/e89fa9c2-851d-11ee-805e-07592866b034	
global/f7d05566-353f-11ec-9997-33780d781bd2	png
user/6f9f7836-9a71-11ee-820c-5350e27f90cf	
user/de9b020a-851d-11ee-8970-f3d8224b0060	
global/3b9f8f92-3c2e-11ec-bac3-bf5283ea02be	png
user/a46ffa5a-2923-11ee-90d5-abe82b32ef76	
user/ace723e0-590f-11ee-94f1-f7c7c0921c53	
user/142895a4-8398-11ee-a79e-bf4d20c55f63	
user/0ca6f280-851e-11ee-b2ae-3f8a64a74a27	
global/694d5b3e-9e55-11ec-ba8a-a3f955b97c22	png
user/4e2e890a-4e11-11ee-bfa6-a7715e9091ce	
user/4fd50626-9a74-11ee-80a0-7fe758d0ed9e	
user/4c712ddc-86df-11ee-9d66-5356dda5ccc0	
web/b1f6d196-aa59-11ee-a879-0fb002d2b279	png
web/f4696894-9a83-11ee-97bb-6f1844cb0dd5	png
global/a5626682-4748-11ec-b90b-d38c31b92350	png
user/785656ae-4c95-11ee-96de-175882bec3c9	
user/f89f99b0-4e43-11ee-96a3-affa02fbbf36	
user/946b2226-4e38-11ee-8885-8b38baf9a90f	
user/3b8d3e8a-bfaa-11ee-81df-eb19a55237c5	
user/e42eec28-82d3-11ee-851d-ef8606d00bcf	
user/951c1246-9a70-11ee-bcb1-777b4200112e	
user/d4a15ada-591a-11ee-9146-7f0f515a60ff	
user/03ea084a-28cf-11ee-ba00-335e1791496f	
user/83269128-4e1d-11ee-9c78-17fcbfd9c429	
user/d714fab4-5916-11ee-9595-33ea416ed7b8	
user/453c0508-7e3f-11ee-9e2b-d3e9b4bbd929	
global/9b657204-f88c-11ed-a61b-83dd2704462b	png
user/a2cf5a1e-bac9-11ee-8914-d3077980e616	
user/8c1465ac-8479-11ee-966c-3f7c1a8164c8	
user/4685924c-7e41-11ee-aa75-4b1b7cd0526b	
user/8d8d2c04-9b1a-11ee-abe5-6bba90ab9ee4	
global/c8ebb046-a5f6-11ed-a7f1-6bdf0fc7f747	png
global/6f453c62-0a6e-11ec-ab6e-af3aca7094a8	png
user/b4e5ff0a-8397-11ee-953d-9b87090987dd	
user/99f63004-8138-11ee-8935-7f1219f06e9e	
user/a9c4e0ce-86de-11ee-a2a2-eb8a2e0dedc4	
user/837be9b6-8473-11ee-a403-47f8c26ea36a	
global/43d9a4ba-eee7-11ec-8ce3-c7feb123ffbd	png
user/fe4b6afe-28d4-11ee-b189-1f857fc6a1db	
user/f9b85dd2-8471-11ee-88be-2b2f705a70b9	
global/bdb6c4e4-52d3-11ec-a6cf-a30bbc97da97	png
user/85a5843a-28d0-11ee-956f-13af7d70aab2	
global/c94e72cc-1de9-11eb-be00-db87c0d4515a	png
global/de674eba-69a8-11ed-90b1-4fdde10b8d89	png
web/9ef98c08-83e6-11ee-83c5-137e0a544abe	png
user/c5b62d38-8143-11ee-97ac-afabb4f1ebec	
global/fce59302-474d-11ec-a3fb-47096de6ed11	png
user/ed73b6cc-aa58-11ee-9912-ebff74175cce	
global/34290b0c-9b20-11ec-adf1-237135075917	png
user/a914d1e0-7e49-11ee-861d-03a1a9e5a853	
user/c1d5cb96-8392-11ee-93c9-7b4d40814c5e	
global/f0d0b194-57b7-11ec-8374-67d5a6b5d55a	png
user/0c4964ea-8522-11ee-8f64-53b4cdb83bc7	
user/67f0be00-baca-11ee-b646-8353593ca966	
global/7ee7d1de-c2d8-11ec-bd97-47c83f556c6b	png
global/3633764e-1dea-11eb-9620-2bed7bddbed8	png
user/e5d92e40-aa5a-11ee-b4de-5fd313b47d0f	
user/18227f48-28d6-11ee-9610-679125244970	
global/f438f49c-b8b8-11ec-9733-574b904acdab	png
user/d3d8243a-817e-11ee-83c7-0fe0fff93ce0	
global/a2522284-4252-11ec-92ed-5bf46d144693	png
web/2741ed38-83f8-11ee-8d50-9b57110c75a6	png
web/18c253bc-4b20-11ee-8647-1f3cfd812d36	png
user/f7077db0-82d3-11ee-a3b6-37ae2898f6c0	
user/66cc7e0c-bfab-11ee-b82e-1b1805f2a192	
user/bbdd6f86-8479-11ee-9256-139104cbb2b5	
user/9daa6b3c-8531-11ee-b958-b35023bf3567	
user/de857c1e-9a71-11ee-96b0-c703c0e0e1ca	
global/8767d328-69a8-11ed-90b1-5f631e8a1e27	png
global/1d8ddc38-b416-11ec-a4b0-cb449e8107dc	png
web/510fa9ae-28d4-11ee-9610-b3b9138a32c8	png
user/1bc75bee-8517-11ee-9d30-7798a1a28e27	
user/0b358d6e-8517-11ee-8e1b-e3487ad21f4b	
user/920d77ce-4e1d-11ee-9c78-3f78d785fb32	
user/e588bae8-7e43-11ee-bad5-bf329f2369d0	
global/df1988b4-eedd-11ec-9588-97243c3040d6	png
user/db3f71b8-8522-11ee-9107-a32a4d1d51b2	
web/aad4f310-5915-11ee-a200-dbcd991b78f4	png
user/e4e77c9c-8397-11ee-bc85-13f150dee89f	
user/1ee5ced4-847a-11ee-840f-0f324b806e53	
web/e1fd7f02-b3c8-11ee-a8e1-0b8e88898400	png
web/aea07b04-591a-11ee-8829-135004d34785	png
user/e37f8d36-952b-11ee-b5eb-632828013c7f	
user/b19b7366-8392-11ee-a265-677c7e1aff8c	
user/99e79038-bac9-11ee-b33e-ebe2a48c2cde	
user/070c4626-847a-11ee-840f-9fe6eb5481ce	
global/5dd8a456-eee7-11ec-9b72-df596a16e535	png
user/a68a094e-4c95-11ee-92ac-3bd1e417ccd9	
user/85233436-4e1d-11ee-9c78-87ef1c8a03be	
global/fae29352-c6fa-11ec-9a1b-1bfcd58084c6	png
user/ddae99e6-8479-11ee-9b81-f3e08de7475d	
global/ffdaf3e8-3755-11ec-9626-bf6ba56eb3db	png
global/74663380-1de9-11eb-89f5-eb798b943ac4	png
web/9878e870-4e3e-11ee-9462-874e8f0fcd87	png
global/ea40c8fa-350f-11ee-8292-c3e9c1e0c043	png
user/0f7e9c7a-8531-11ee-a27b-97e77a36aa30	
global/b17347de-1764-11ec-844a-d774999e1027	png
user/8bdb3c4a-4e38-11ee-84ae-3f74b54ce8e0	
user/7e52fe46-4e10-11ee-9df8-1b5b4706fb40	
user/2fc60ee2-bfaa-11ee-9e3c-f3b1d9807838	
web/bd495c92-7e41-11ee-9ac5-e7dc53f5e294	png
user/fc92ffe4-8471-11ee-b447-27cb9b9d704a	
global/18a7bb90-3d87-11ec-b62d-bfe3f846c708	png
user/7a20d83a-a4f9-11ee-93ba-cfb655868a01	
user/51be997e-86de-11ee-8a37-935e8071b52d	
global/47acee00-1dea-11eb-9620-0749e575e902	png
global/ff259a04-09e5-11ec-a4b0-d3ce7d089310	png
web/b3991d5e-817f-11ee-81a2-73bacc60faa2	png
user/97e9d796-7e3d-11ee-a6d8-73a4b2e2b796	
user/e62d8114-4e1d-11ee-94d6-37161044ced2	
user/191b22d8-4a46-11ee-80b1-bbb84cb2bc4d	
user/6577e674-7e45-11ee-a38e-07747b30e107	
user/f43439c4-8392-11ee-88d9-3761376179f0	
global/9fb90f64-26c9-11ec-b44b-73aab732ef1f	png
user/fb676bcc-4c96-11ee-a8d4-bb87cf3eecf7	
global/e798f224-1644-11ee-a793-9b6da80edd32	png
web/11c34b72-86dd-11ee-bb3b-7f9ba2ee9b99	png
user/34a10754-86df-11ee-b04c-077cbb2ba64e	
global/f095afb0-37e4-11ec-87a9-3378ea440c9b	png
global/885c9c30-4255-11ec-b2cc-6b347183957f	png
global/cdaba242-5ec3-11ec-bb8f-bf84dcc96b13	png
web/556d4b66-4e2f-11ee-8340-e7721eae02e5	png
global/14697252-3540-11ec-84e6-37269ec120cf	png
user/9036ddb8-8393-11ee-8ac0-972d80e01b26	
web/0b93aaca-814d-11ee-9835-5ba363d773c5	png
user/903f0c96-4e1d-11ee-9422-ff0a9228812a	
global/4110d91e-341f-11ee-869e-9bdc03e88293	png
user/156c7748-7bbc-11ee-9bb1-2322aeb53fde	
user/8762ad84-4e14-11ee-80d0-13c986e31ebf	
global/c85331ee-d361-11ec-ab3d-c3ee93bbc8e0	png
user/bdb9ebae-56cf-11ee-8272-cf8c212fd156	
user/80db98b2-28d1-11ee-956f-ab6ab8f150b8	
user/55c14b9e-9a83-11ee-a670-efa4dc4d4211	
user/afaa5cb8-7e40-11ee-bebe-e74e3c7b92b7	
user/39f1c070-8394-11ee-8ac0-1f3a72164a09	
user/a6d3d28c-7e3f-11ee-b8fb-7f8500cbede2	
global/8890474c-1de9-11eb-be00-eb727b80c53c	png
user/eedc31e0-8516-11ee-a75a-ef798e6ce305	
user/152d8402-7e41-11ee-852f-63767efeb0aa	
global/d721b2c2-d361-11ec-b19a-332b89f37628	png
user/8d53d10c-591b-11ee-b926-8bb4949149b1	
user/ab05d93a-4e43-11ee-96a3-33a8bbff702a	
web/9b1de828-5915-11ee-a606-8f3169d54a64	png
global/5f88b68a-1dea-11eb-be00-c3dccbddad5b	png
user/f870e2c6-8397-11ee-b3fd-279b2123c6bf	
web/2cf7a544-7e7e-11ee-aadf-071c2b3acbc2	png
user/a71342e2-b3c7-11ee-985a-9b64f75fb672	
global/6acf2fc4-1dea-11eb-91bd-870e64232009	png
user/4f3fd40e-8474-11ee-a5a0-f70e3983f21f	
user/f083fec2-bac9-11ee-8f28-9bf7025cbf16	
user/c7e04fe6-c32c-11ee-a145-231ee3567055	
web/39194bda-4f4d-11ee-bc6c-f787a665ab05	png
user/693306fe-27b0-11ee-abb5-3320608f59e9	
user/98b11f0e-28d4-11ee-b0f3-e3cd6b056c10	
global/f5f0b2d4-52d3-11ec-88a1-ab66f72d5a21	png
global/f4200fcc-175f-11ec-80e6-47d8beabd204	png
web/8c2739f6-a4f5-11ee-9141-4743607c6559	png
user/eb87af70-28cc-11ee-9d53-5300515615c5	
global/10e442c4-1dea-11eb-826d-5ba88fbafe1f	png
user/a10b37f2-28d4-11ee-b2fb-d35d77b5ae31	
user/f8ca1e5a-8521-11ee-8bef-734bbd481958	
user/628f6508-591b-11ee-b03a-9717f6cb0fe8	
global/878a4eaa-1dea-11eb-b391-33e69328eb87	png
user/95784280-baca-11ee-b33e-27bf1f7d459d	
global/954fdbe2-041f-11ec-b28a-2f81891672b6	png
user/fb8f23fe-8479-11ee-9b81-7ba885af5219	
web/65e39bf0-8145-11ee-95fd-a7998f90078d	png
user/98dd2058-bfa7-11ee-81df-4bc13563c3c7	
user/b3feb360-8393-11ee-a265-c7c83ea1c78f	
global/7d8445c0-0a78-11ec-83f7-b742ddcaec26	png
user/1eaf6548-8523-11ee-a946-23d5cafe6cfc	
user/b598f796-aa5b-11ee-8cff-e718af3078d1	
global/4722ed40-13c5-11ed-ab76-2bb2156ea55b	png
user/d40744dc-9528-11ee-8178-8b1358a6352b	
global/9f6f1236-1de9-11eb-89f5-732fdccabafb	png
user/d2e047c0-8146-11ee-88a1-ab75ddf0961d	
web/58d4c104-817d-11ee-8c72-bb6208fc880a	png
global/52338ca8-1dea-11eb-9c00-93cd7d63d737	png
global/d5d2ee10-1de9-11eb-a71d-2352570be5aa	png
user/a47e7770-8138-11ee-8540-f3996845cf22	
user/84c66b7e-8479-11ee-a2bf-e3881533d7b4	
global/f5aa279e-068c-11ec-8e4e-5b3cdc218326	png
user/2fbe4508-82d4-11ee-a691-a7dfd0ca9dfa	
user/928e9a4e-7bc1-11ee-85d7-b39275c4d363	
web/2a4a940e-83ed-11ee-b07b-c70b9088d64e	png
user/a0cc3904-9b1a-11ee-9595-f3efc708f2e0	
global/5dd6eea2-1de9-11eb-a745-b372cd3cbc6e	png
user/ba89b574-aa5b-11ee-919e-83de025d64c9	
global/f54c956e-1764-11ec-afd4-8f9b0c0b99c3	png
user/7c2ce8e8-aa59-11ee-9071-730609420b59	
global/4deb2dc8-1de9-11eb-a71d-77c2221f7af0	png
user/f2567eb4-851d-11ee-bb04-872a233521b3	
global/ed241fd0-1de9-11eb-91bd-13a2d2d0f96c	png
web/8ecd1672-83ed-11ee-b07b-1716f38bc09f	png
global/14f8b872-1dea-11eb-91bd-6fb61265ec5a	png
global/1eefe580-1dea-11eb-89f5-9f1c4d430dee	png
web/f7db1900-8395-11ee-899b-47c7d07e3ea7	png
user/4ae570f6-27b0-11ee-bb1d-87e860ece7af	
global/657f33b6-1dea-11eb-9c00-73ec6e4dfccf	png
user/954d9670-8393-11ee-a5f8-03c6653bbc88	
global/3b75bbf6-2faf-11ee-b69e-3309f0de1b7d	png
global/f10801d4-1de9-11eb-89f5-4b27279f6f20	png
web/eb408c42-8521-11ee-8f64-9363775a4a8e	png
user/10e8c35e-28d6-11ee-a9f4-e370aa201d93	
user/54e7dd8a-86df-11ee-bf1e-fb9cae8bc651	
user/7fbaf03c-56cf-11ee-b7e8-73e56f8a9a99	
user/df6ddf3a-7e43-11ee-ba56-bf9926bb2892	
web/a6ad486e-591a-11ee-8448-9b96b2a2cbf9	png
user/71dec192-8473-11ee-a5a0-d3ae1cffb28c	
user/0959375c-7bc1-11ee-a144-e385deee34f9	
user/d969e9a4-8522-11ee-bbc9-27a0ea397487	
user/ee7a85c6-28cd-11ee-bf0f-47ce71a6854f	
user/614702b0-9a83-11ee-8051-536566341fdd	
user/ecba1c8e-c075-11ee-8975-8b9087a5de9f	
user/52243ad6-466f-11ee-b776-9bab1f7db5ab	
user/47c1c3f0-bac9-11ee-ad26-0b82f76d67a3	
user/0f552ef0-8138-11ee-be91-130759d3504b	
user/2ab2f98c-a7f0-11ee-a51a-6ff14c48de52	
user/e849a894-28cd-11ee-8176-03015095549a	
user/c12e87be-8397-11ee-8d24-abe38531b0b9	
user/f17c1816-a4f6-11ee-aeb0-1396958ed626	
user/7ea0869e-4e14-11ee-82aa-47fca86f3815	
user/413ccac4-8523-11ee-9640-736eab17fccf	
user/27f7d146-bfaa-11ee-b5d5-8f71fba2ea2a	
global/fec99e92-932f-11ec-9e9d-63f0625166a6	png
user/24b5171e-2928-11ee-a19d-53af65087e86	
global/0b86fcfa-1de9-11eb-b1e2-13556fe96a7f	png
user/de75ee84-8473-11ee-88be-63887191bc70	
user/4e106316-8517-11ee-9d30-6308feb6d67f	
user/f8467738-8479-11ee-91d0-3f9421832aff	
web/a0e5dcf6-a4f2-11ee-8bae-db6a5994f4f5	png
user/0129043e-851e-11ee-a198-9757a1f1dbc3	
global/6d16f76a-2bd1-11ee-b66e-1308480d4997	png
user/86bfd0be-a4f9-11ee-9b3b-2b062cc50993	
user/3eb0828a-4e11-11ee-b010-b7d83c4fbfae	
user/5b7bbf0a-86de-11ee-a362-8bf8e9d8868d	
global/856333d0-1dea-11eb-80cc-47a0916e82cb	png
user/043fe700-851e-11ee-a443-ebc2eaa51efc	
user/309edc90-591b-11ee-af1a-0bd932c0e040	
user/27a9583c-8516-11ee-aed5-2bd165e875f4	
user/fac17218-7bc0-11ee-a03a-5fc81a4be968	
global/fbc5d554-aab2-11ec-9bb3-c76d6097fcf9	png
user/f8398088-8392-11ee-a4f7-872fd904bbdc	
user/a7b6645a-8397-11ee-8e9f-eb83eafb5be8	
user/d9f7e10a-8397-11ee-8e9f-ff19649d6242	
global/c35855b8-1767-11ec-afd4-cb8bc7297ad5	png
user/178bf890-8522-11ee-b139-f7ed7f1e2763	
web/2c877afc-820d-11ee-9c87-539795551055	png
global/251a1de6-1de9-11eb-ab91-638a2d752a99	png
user/847d7a94-aa59-11ee-aa53-3b7a04062cac	
web/a659d73e-7e3a-11ee-8374-cb1cc295adfd	png
global/938b9764-1de9-11eb-826d-73fc5b4cd4ec	png
global/fd033d82-6771-11ec-b41d-6f646fd6f5e3	png
user/88781af2-82d4-11ee-9575-afa17c18d0cf	
user/ea88efc8-8144-11ee-9051-dbe98fda6f16	
user/bf90d7ea-27a8-11ee-88fb-6396cf973b61	
user/8b6a0a46-8143-11ee-be42-b30de4068153	
user/477c8c92-7e45-11ee-8498-c33548308e24	
user/679a6934-27b2-11ee-a919-574f2764ac2b	
user/d416edea-5916-11ee-8c1e-fbe8f5881b17	
global/123c068e-15be-11ed-abae-4bbf21a71c6a	png
user/c99dc5ce-8138-11ee-ab55-730a400923d7	
web/fffa54d6-8483-11ee-93b7-f705059a23e7	png
global/8cf52b04-15c2-11ed-80a3-9bf56478b314	png
user/78a11a96-4e10-11ee-bb12-f7f9bc50b9c9	
user/5e49938e-bac7-11ee-9803-93e6a3d806c1	
user/282795f2-7bbc-11ee-9bb1-8fafbbe2f0ea	
user/d00802f0-8145-11ee-91eb-db7b1cbd8f31	
user/bb355ac0-c32c-11ee-a145-7f758fc7be84	
global/d8c95d50-37e4-11ec-ae98-23246f768f32	png
user/306acbe8-2799-11ee-a270-e3498777ebbf	
user/d93afe80-8475-11ee-8c29-778f2e76b493	
user/56fdc086-817f-11ee-af30-4f9f2acfd830	
user/86bf2524-8474-11ee-aa46-538103e36dd5	
web/1b8d2fc8-6cf3-11ee-a83e-77214b0fbf06	png
global/f4caf344-1de9-11eb-9403-2b6823a5996d	png
global/80c04994-2bca-11ee-987f-876e36803b2a	png
global/f561a77e-d361-11ec-97ae-efaf12592364	png
global/c7c9a994-1de9-11eb-89f5-7338a8c766e0	png
user/2851448c-8473-11ee-a5a0-a7e4a08cd758	
user/e9529ccc-82d3-11ee-89e1-df7c9599111d	
user/12cdd3a4-28d5-11ee-b2fb-6f6b617f8bea	
user/7f97250c-4e38-11ee-8d60-43ee7bd1db9f	
global/71cce1e2-1766-11ec-8617-1bcce2d27bc8	png
global/3f23d6c2-ecb5-11ec-ba25-cb2ba87f3731	png
user/ca92abae-82d5-11ee-8044-3728b516b2ab	
global/22dc648c-eee7-11ec-b0fa-fb872b4093fa	png
global/5eb0f9ee-1de9-11eb-a71d-772d5b5c3351	png
user/7b50b082-bac9-11ee-b1b4-bfddcf5ad863	
user/4996f32c-2928-11ee-a4d3-731691d285d5	
global/f743b430-9a2f-11ec-96c8-6f09005c8ad1	png
user/8ab603b0-4e1d-11ee-87ef-271f8aaa0348	
user/c7f912bc-844b-11ee-9d21-9fbfcb5b20eb	
user/0568cc02-86e3-11ee-a627-93b60e5e6c21	
global/3a85a2ee-1dea-11eb-8aa5-077d47b42b46	png
user/2947eef6-5910-11ee-8119-2b87c7c21e5e	
user/6e85e662-8138-11ee-9eb6-5bbd25757488	
user/f7ccb3e0-8144-11ee-9051-f3432909a5c7	
user/f66187fa-8479-11ee-9b81-6fdf3f8032da	
user/1c72c7dc-56d1-11ee-956f-73560f06ae72	
user/45dd0fc2-8473-11ee-b327-077866f662ba	
global/fec40cb6-53b0-11ec-85e4-6f744e26cb7f	png
user/b6013e52-c589-11ee-a011-fba3e5f07c76	
web/ef0713ea-83ec-11ee-abdf-9b82ffac16be	png
user/8e6441ca-591c-11ee-b4cb-bb57a94a8de6	
global/a87de9ae-431a-11ec-bf66-5b12a5bc1e55	png
user/6e1ca774-2797-11ee-86a5-5f8e4068b19c	png
user/a9cb9a06-c589-11ee-adf8-1bdc4ce1e19b	
global/5b801328-068b-11ec-8a5f-ef7adf2f0dc5	png
user/9e0fcc6a-8393-11ee-a4f7-8bebd184e1a8	
global/fec810e8-1de9-11eb-91bd-ab374f85b69f	png
user/9fb43cfa-9a6c-11ee-9ee6-87383c4867d7	
web/df2bb708-2944-11ee-b826-e33e1f87b9a0	png
global/4d81ec58-0b52-11ec-b8c2-b7ee2d53416d	png
web/7c856208-4a45-11ee-9783-53480dae4c11	png
global/79f66ea4-f939-11ed-8f16-cfd8cf596580	png
user/1e3246a0-7bbc-11ee-bc4f-afe1123e52a0	
global/01fb8a12-3c32-11ec-862e-9f0b92e31b66	png
user/7876db14-aa59-11ee-b63d-af8127bb3f6b	
user/4c430a70-466f-11ee-874f-7f66f1951d5f	
user/c1b98d58-8475-11ee-a0fb-c73b1e0f8bc8	
global/87391b8a-3756-11ec-be2c-77ce53fe9ffe	png
global/f4b58eee-57b5-11ec-9b5c-8bb48018ba36	png
web/30f33de4-466f-11ee-b446-83db208996da	png
global/fd1213cc-ed34-11ec-b26f-0774c28738b3	png
global/ee4233da-175c-11ec-98a9-bba0b0aa1eed	png
user/ff3fa880-851d-11ee-a0f2-ff0ef600723b	
user/4c4558fe-9a73-11ee-900e-5fade3ffc492	
user/c1cd9632-6226-11f0-8115-43dcf288e775	
user/1728ed42-56d1-11ee-ba4d-bf9709237f0f	
user/db367b54-8472-11ee-abe8-ef6f452333d1	
user/f022dee4-851d-11ee-aed0-ef0bcdcc3c7f	
user/dbcdfbf0-4c96-11ee-a13c-0bec6181f2d9	
user/0072438c-8516-11ee-ad23-a391567509b4	
user/23608aa6-7bbc-11ee-b2dc-cbb042977ea7	
user/997a4ca0-817e-11ee-8bb1-4b58e65fe14a	
global/b1e19d16-26c7-11ec-809f-6f0f69fd4930	png
user/52702cd8-bac9-11ee-ad26-97b042953b08	
user/48061702-8523-11ee-a30a-072c0422945d	
user/69c9ad4c-8139-11ee-b4c3-0b723578e07e	
user/c250fe94-4e43-11ee-90f8-eb9dab10d15f	
global/ee5016ca-3788-11ec-9cb3-973720e58cf2	png
user/27d4a894-7e3a-11ee-8abd-abe9174566ec	
user/3d5fa8a0-4e40-11ee-9851-77fbabecdc9e	
user/1d6224d0-8138-11ee-a366-c38fd276c731	
user/b80c735a-4a42-11ee-941c-c7423619f7d3	
user/04508f3a-7bc1-11ee-862a-f300bdc40794	
user/fad1fa52-8516-11ee-a75a-1b599bdcb8e1	
global/0a20b3d8-0b5f-11ec-847e-fb54f9894ba3	png
user/92aa19ec-8137-11ee-8935-e7748e0b566a	
global/2af995e8-1de9-11eb-8aa5-27e61f3ff90a	png
user/f8900dca-8137-11ee-b808-cb917334ffd6	
web/1b811846-4a43-11ee-9db2-e7afcd21f7ff	png
global/e42ee2fa-57b5-11ec-a70c-eb515f03bb86	png
global/ded8226c-3d89-11ec-bdb4-07c22e28f5a0	png
global/389997f6-0458-11ec-aec4-d305b60a9911	png
user/3fcdb8fc-86df-11ee-ae74-d353e2b4b0c2	
global/ccff513e-1de9-11eb-a71d-735afe4cbd6a	png
global/fcbfd018-eedc-11ec-9347-3b4d2935b08f	png
user/7e4ca498-a4f9-11ee-9301-cb89702b3915	
user/da132f02-591a-11ee-9c89-6303b02fe0d0	
user/25310472-27b2-11ee-90cb-cffdd5bcf8fd	
user/38847ea0-8473-11ee-9795-bf0aeba2ebaf	
user/fbfe1fa6-4e42-11ee-8733-87c6cf5dccc4	
user/873bd200-4e1d-11ee-be04-f7414ed685e1	
web/6aa75a54-4e38-11ee-bb70-c7c4e18d26f9	png
user/9438123a-8517-11ee-aed5-3f2974f9cb56	
global/937c908e-1de9-11eb-89f5-0f0b7afd3f11	png
user/e969a020-8472-11ee-b0fa-87d6ece89df1	
global/36c73590-3469-11ed-82b0-679c7f17d025	png
user/eed0a800-8473-11ee-9795-4fd526cbafce	
user/41c6713c-9a74-11ee-820c-1ff9f605b2eb	
user/7c0120ec-a4f9-11ee-93b5-737b8518fac0	
user/d1520d8a-7e49-11ee-9b8d-eb042eba7674	
user/5c9270a6-8138-11ee-b147-ef54c18ca6ea	
global/b38fe84e-6771-11ec-a6c1-5b8b02d7e146	png
user/fe65b2ee-7bbb-11ee-bcc2-af4eeb7d6ec6	
user/879b2c0a-8473-11ee-9556-87cdfad9c4a5	
user/c6f907e2-466f-11ee-a4ec-0ffc483ebbbd	
global/2b93acc0-341e-11ee-be80-b37b051c2567	png
user/8bcfa7ee-8138-11ee-a55d-af93f6780350	
user/ca6b430c-a4f4-11ee-a3c7-bb7b26275b9b	
user/a7c9e68c-851e-11ee-a227-ffd38b876874	
user/62f4da5a-86de-11ee-a362-07c5c1a5c9ce	
user/81b77d14-aa59-11ee-8c93-ef62ef671e2c	
user/2cf8f05c-8473-11ee-a5a0-f366a0e17b92	
global/ed338a7a-165c-11ed-a0c2-53de67d18d4a	png
user/b531e91c-817e-11ee-b260-0b58914ace78	
user/484d96ac-9a83-11ee-bb47-b702a282c1f8	
user/df866214-8472-11ee-b0fa-e35b582ebf1d	
user/d00784f0-28cc-11ee-bc91-230e540185d3	
user/b48e9e3e-8137-11ee-928e-cf68697332a1	
web/d9c66938-5915-11ee-8c1e-df1bacff9ff5	png
user/9642e0c8-591b-11ee-8729-0bcefc8eecac	
user/18ad2782-8138-11ee-a55d-8ff7eddbb636	
user/05ce175c-b446-11ee-bc78-c7b3c85a67a3	
user/ff31f6ec-8516-11ee-91ce-ebd52294a423	
user/54b08e90-8138-11ee-8935-5358dc6282a4	
user/3dfcb0f8-8394-11ee-82d9-7f16b39b80a4	
user/76e4c5be-4e14-11ee-80d0-bb274eef327c	
global/9c46ce7e-0b54-11ec-b377-17fc26813b81	png
user/f9dc73ec-8143-11ee-be42-1f76b9ea945a	
global/f65fd758-3745-11ec-8ce0-d304bb3f4189	png
user/806add62-a4f9-11ee-8e29-4365485564b0	
user/8b8f0706-27a7-11ee-9e98-8feca00e4adf	
global/2485c5d8-1de9-11eb-a71d-57327ea3273a	png
user/3064db70-8473-11ee-9795-ff1dd38e23d0	
user/73f000fe-28cf-11ee-bc91-c3492ef8f48f	
user/ba606c5c-8137-11ee-be91-6fcffff828e4	
global/dfb7c824-1de9-11eb-89f5-17f944c83b74	png
user/f3aa5f52-8472-11ee-9556-2fbd64f7213d	
user/41f81142-5910-11ee-94f1-934965bd9791	
user/c33249f0-8479-11ee-864f-3fbd3c69e116	
global/d2818fe2-eede-11ec-ba79-cf8dc9270dc5	png
user/f9edb66c-5910-11ee-94f1-9bd3cba4e6f7	
user/e132e106-5910-11ee-9217-330bfa135c08	
user/c8f034a2-8392-11ee-93c9-bf682fd06f3c	
global/49586194-1dea-11eb-9620-536be92caa8e	png
global/b1eac42e-c2d8-11ec-afeb-c31f94161ba2	png
web/807cd456-814d-11ee-bd24-17160e47ae2f	png
user/69528dc2-7e49-11ee-99e7-7bcf729a7639	
user/ef31a886-86de-11ee-ae74-934ce2febc08	
global/9a9a8638-d363-11ec-94b2-2fbcfb7d2174	png
web/4e66096c-590f-11ee-8119-176f81e5a131	png
global/ee15c780-3bf8-11ec-b1d2-1b3b637b1306	png
web/1b2afacc-83f7-11ee-9327-83a16489b952	png
global/5bc34164-d360-11ec-bb2b-2f4471166b54	png
user/32979504-a7f0-11ee-a51a-83b61e7dae49	
user/4116ab42-8473-11ee-aa46-873d111bcc7a	
global/677dc3cc-1de9-11eb-ab91-afefc5e75415	png
global/9da5ec86-1de9-11eb-9403-03cdf2ac0ec8	png
web/69a1aba4-8534-11ee-a8cb-fb3206fa416e	png
user/c7bf2e8c-2797-11ee-ba68-7760200a8367	
user/f67b0ec4-8522-11ee-bbc9-8fb305b6399c	
user/c4c786ce-5916-11ee-8889-8bb822528a50	
user/d29d01de-a4f2-11ee-97dd-23527e572f52	
global/bf6fde30-26da-11ec-bd1e-136eb59dc7ca	png
user/a8546782-8139-11ee-a988-df4c4c7c8724	
global/e50014ae-8d0e-11ec-989e-b7f1b26db4f4	png
user/4d4b13ac-8474-11ee-8117-c3e062d0dce3	
user/fe3c6ff0-8521-11ee-95dd-936594de1e6c	
user/0ac697ba-28ce-11ee-8d85-ef72a20364bc	
user/d43e547c-8137-11ee-9ae8-134f0defaf56	
global/011769fc-1dea-11eb-9403-e731dcb4f20c	png
user/d1ff9074-8397-11ee-8546-cb405869b97c	
user/d172861a-6226-11f0-a144-0364f3af1df8	
user/0c552142-56d1-11ee-956f-dfe734ff6fb8	
user/bdbeb172-8143-11ee-98fa-9f9a8ac12c9c	
user/3dfa8d12-591b-11ee-ba0d-3f8140809fec	
global/e8d5c1c2-678a-11ec-95fb-231b2b92c232	png
global/f873f28c-0a67-11ec-ad31-d3be3db93503	png
user/aa9c7018-7e3f-11ee-ae56-6733ea05a2d5	
user/15240f06-28d5-11ee-8660-e7147e9bf07f	
user/3298af48-82d4-11ee-a691-677183f31ec8	
user/3f667076-8472-11ee-8117-5737c6065cdc	
global/0fa7767e-1dea-11eb-826d-23af5fb54235	png
user/bd5423f2-5916-11ee-8c1e-a7a4dffa7daa	
user/405b4f2a-8138-11ee-b808-b330eaec21e6	
user/0eb40208-bac9-11ee-ad26-bf6d533b9adf	
user/727efdba-7e3d-11ee-bf0c-b36db6ddb0b0	
user/66932aec-27aa-11ee-bc7e-6f0eacb549e9	
user/026f0330-8522-11ee-b2c6-8f7d66575f67	
user/f45d6592-7e42-11ee-bf29-4f1bf152d5f5	
global/4743b16a-6763-11ec-87ba-bfab6896f3b5	png
user/69a76a62-9a83-11ee-a670-83578153aee8	
global/89cf1efa-60df-11ec-a274-df878f1c6901	png
user/0d6ef6f6-86e3-11ee-a863-db3dfbd76c1d	
user/75fa20de-8138-11ee-b147-9f186b03e816	
web/47956ad0-28d4-11ee-9ef8-8fb0965bd9f2	png
global/90d73270-0a7a-11ec-aaf7-631e8c3774c3	png
web/af968486-56d1-11ee-90fb-7786e78c09e5	png
global/68c71726-3d85-11ec-83dd-c3c9b2532c52	png
user/f5219a8c-4e42-11ee-b28e-cbaf74669c6b	
global/42165a10-1d50-11ec-9ee3-3701ee74c2f2	png
user/70dd6862-8139-11ee-8ff0-c3516dcfd002	
user/77d91bd6-3ce5-11ee-a75a-bfc18262cb70	
user/d7759a7c-9a70-11ee-bcfe-77a7867b391d	
global/b3a9247e-15bf-11ed-bf11-7f42961858c6	png
user/6b242294-28d3-11ee-b189-cfd2bc6a3199	
user/881529f6-8397-11ee-a79e-8b8c28ae5e43	
global/f7bf5878-52d2-11ec-a6cf-17cd6765e481	png
user/2c0ad72a-9a74-11ee-9568-7f664d0dab4c	
user/b700b3d8-279f-11ee-9357-a39877e55915	
user/9935d078-9a6c-11ee-9ee6-27d4727b2879	
global/f2e3ea36-3c33-11ec-97a8-03f676cc0029	png
user/8330a2a6-7e49-11ee-9697-0bee6e06d46d	
global/e5a9275a-ef1a-11ed-a5a1-072ac634a97b	png
web/8a9956aa-b3c8-11ee-8e2b-2733f39e66a4	png
user/791bd1a6-8532-11ee-abd7-2b0eff98533a	
user/2ce5bf70-27b0-11ee-abb5-2b0aabeca41b	
user/8b428156-9b1a-11ee-a1d6-3b6972dbfd3e	
global/4428a116-1768-11ec-92f6-f3f1dbc6e2f2	png
user/e5de036e-8144-11ee-b3fe-737ca3a84c71	
user/b1bcd1c4-28ce-11ee-9879-07917bd63aa2	
user/a5f1353a-8475-11ee-9795-6b6fc83cac71	
user/206c3dae-4c9b-11ee-87c1-d3f38c07bac7	
web/12415b06-86de-11ee-8000-5f69b3bfeb69	png
user/c8c4dd4c-82d5-11ee-a691-934cefe2fa19	
user/8331897e-a4f9-11ee-8e42-9bf67b0e0326	
user/07c77b0c-8516-11ee-8c22-9ba7ba51430c	
user/8c108898-8473-11ee-9795-e3f4d3bab8c2	
global/57c2f8ac-329d-11ec-b4f9-378f9b9ce9b3	png
user/50df81ba-baca-11ee-a3ee-af95f7835f0f	
user/a480be88-4c93-11ee-8cd8-c78cc3437c29	
web/bbfbf378-814c-11ee-a63e-13d9de877acf	png
user/7e58e2c8-27a7-11ee-8ca5-fbccc330a9e0	
user/8cfd02c8-86de-11ee-bf1e-8f4cccf2aa25	
user/0a95f6b2-851e-11ee-a0f2-cb34253c17e3	
user/6c187812-2928-11ee-9f36-6f19e61989ca	
user/49d6f69e-7e45-11ee-a43f-9b201746b7b7	
global/ea72ce08-32a6-11ec-ba1d-e33b957fb43d	png
user/cc26e302-4e2f-11ee-8967-8746fc7fe3ff	
global/ec5ced70-1de9-11eb-89f5-37f669c8a5b3	png
global/deae5dee-4174-11ec-9a48-abcd32a777db	png
user/907ef97c-27a4-11ee-a018-6f878a13a9c1	
user/df88abfa-5916-11ee-b214-a34979570c6b	
user/ac2fa61e-9b1a-11ee-9595-bbab1ee802b8	
user/48b7fac6-8474-11ee-8117-abeefdd78b9b	
global/fe9d9084-1de9-11eb-91bd-5f59923a849a	png
user/379a2870-5910-11ee-893f-ef630db87742	
global/a5481fd6-eed5-11ec-b456-aff10f210586	png
user/ce1d6ed2-466f-11ee-874f-e7bdb87be9a0	
global/c8cb103a-1de9-11eb-be00-134b8e1ceeac	png
user/8a3fa93e-590f-11ee-9d60-0fbd687b8f5e	
web/f157641a-8487-11ee-97b8-c3700945acd1	png
user/7caaa718-8472-11ee-9795-37709a0264eb	
web/d3887526-838a-11ee-81d7-57f51c0411e3	png
global/abd43db6-3bf8-11ec-b593-9761a90c56b7	png
user/56d81976-86de-11ee-a8b1-075b731f9495	
user/4751ab78-851e-11ee-95a3-0398b18157c5	
global/506859da-3c34-11ec-b763-77fcadcb41f9	png
global/ef58a7e2-22f8-11ed-91fa-c3c4107057ac	png
web/67f593c0-4e42-11ee-839c-4fba1394407d	png
user/67080fb0-4c94-11ee-828d-efe289200d8a	
global/e46ac5c8-0b51-11ec-8de3-83966239eaa2	png
global/59022a30-1dea-11eb-8aa5-e38863b628e6	png
global/c88f2628-2bca-11ee-8b8f-cf1fb485d736	png
user/ff80c08c-466f-11ee-b400-1b2eb2c6bc45	
global/937cf81c-1de9-11eb-91bd-9f9c2acf0885	png
user/c9f53d4e-bac8-11ee-b1b4-dbe844baa2ee	
user/3539a078-bfaa-11ee-b6a7-4f708a41d63e	
global/9ec13972-3b48-11ec-a9b8-0f50f8de711c	png
user/8393a640-9a6d-11ee-a3b8-c352a1c65797	
global/b6298588-52d6-11ec-855d-1b919f901fcc	png
user/232765a8-844c-11ee-b552-4771ec287b9c	
user/a8f25af4-591c-11ee-a982-3341d627d795	
user/db58d7ba-7e43-11ee-852f-a358f50701b5	
user/9fd26f90-8531-11ee-89e3-33f2210f3c98	
global/1a1be222-d363-11ec-a5fa-33d4b0fb9583	png
user/8887c6d8-9b1a-11ee-abe5-bf60cacca448	
web/fefbb152-839c-11ee-9dc2-37914b0671eb	png
user/791bae76-8139-11ee-a55d-97a262dddd12	
user/75f9f72c-28d6-11ee-a92a-57b81d2f87c9	
user/360015d0-8523-11ee-9640-fb4c975cf366	
user/2456f652-8517-11ee-b2f8-cbcbc1dcfaef	
user/92635a1a-9a74-11ee-9428-475294b07866	
user/652ed622-86de-11ee-ae74-eb1fed041a41	
global/42b6f594-15a6-11ec-a0fe-1327a10d3113	png
global/db79fa02-1de9-11eb-b1e2-5f6b64d3cc12	png
user/9f3bc812-4e20-11ee-a0ee-07c1086886cd	
global/dd546d4a-d6d3-11ec-9d9a-6f52854331ae	png
global/a8b7b066-16dd-11ed-aa41-0f6599f1dd1a	png
global/bf342324-3b3c-11ec-b9b9-9753116fc76c	png
web/342e5e2c-466e-11ee-a4ec-73b35ac2125d	png
user/9f63685e-817e-11ee-8c72-7723626299ca	
web/d25ca428-9a83-11ee-95fa-2b7c94e4def5	png
user/83cd63a2-4c94-11ee-959e-c382d4c1a0be	
global/ffeeef30-eee6-11ec-ab8f-872847ae6279	png
user/b78879ec-86e2-11ee-b2c1-ebe509a9c70e	
web/81f3480a-8531-11ee-af71-9fa038da4f0c	png
global/6b091c5c-1dea-11eb-9620-1fa42312ac63	png
user/09b5fd6c-8516-11ee-8c22-9fbd4d448e6d	
global/63881404-f887-11ed-8739-cf8f42d05073	png
user/5d723546-86de-11ee-8cfc-5749a9b89253	
user/0282dd00-8393-11ee-a439-a3cd241250de	
user/ab605e06-8137-11ee-b147-a36df3475cd7	
user/e5bf0bfe-8472-11ee-b447-5be1ec8b063e	
user/367d1308-7e40-11ee-ae56-d3961c174613	
global/d6052706-a950-11ec-9db9-af306c340a66	png
user/e810115a-8143-11ee-a35e-93fc4f282c87	
global/6559818e-1dea-11eb-826d-f35ace457796	png
user/53a7baba-7e49-11ee-9b8d-cf3c72330474	
global/d7098b7a-f8ae-11ed-b2d4-ab77d4820cae	png
global/2cbf3b22-27ab-11ec-8fdc-97da08b756a4	png
user/8354a172-86de-11ee-816e-e7bf4fda1ddf	
user/025e6b76-27b5-11ee-8230-f7d963a24b80	
user/b2dec780-8137-11ee-9818-b771d4b9ff0f	
global/7d59ea5a-329b-11ec-b1cd-db12eed73bf3	png
user/f5f72b92-2797-11ee-ab1a-a7c5bb178372	
user/7731c646-7e40-11ee-bebe-27f7ee256624	
global/f90189d6-27b7-11ec-b590-5b40b1483bca	png
user/b849ab1e-8479-11ee-864f-17239b70a214	
user/e6a98bfa-aa58-11ee-847b-1ff7c54ef3bf	
web/92d65ac6-7e48-11ee-9697-873324dbf4c3	png
web/c081ab64-9a82-11ee-817d-5b01da07d6bd	png
user/63402e1a-8139-11ee-928e-13f9741b992e	
web/82fb2c9e-7e75-11ee-9938-0baf1b07ad75	png
global/8e6001b8-f98c-11ed-9a6a-3728390ee00c	png
user/e325144a-7e43-11ee-ba56-6bf35cc8bafe	
global/f06b5e86-26e1-11ec-98cb-0ff7244c33b2	png
global/b1be33e6-1642-11ee-a97b-4b23d4a1e516	png
user/0d6a257a-8398-11ee-8e9f-b3c5d5cb95cf	
user/b02a7e5e-8145-11ee-b3fe-4f4c207412e5	
global/87a8cb6e-1dea-11eb-80cc-0f851f174a0f	png
user/d0c613a6-591a-11ee-a30c-77ff27cbb6d0	
global/d9953704-eee6-11ec-a873-8732dbff4bb4	png
user/09fd6b94-4c94-11ee-918a-cf1900615821	
user/974503ba-9a6c-11ee-be3f-c773b3caf973	
user/a0e6379e-851e-11ee-8f64-876e235621df	
user/0ff58e40-b446-11ee-bb60-b35c292ac475	
user/51e1c4c0-8180-11ee-b671-0b91ee309aaa	
global/97ddbd62-4253-11ec-a25e-2bbbde3d1493	png
user/80fed424-9a70-11ee-bcfe-734642e239bb	
global/fdad67aa-8eb1-11ec-8f26-0fc589474067	png
user/7d77f076-4e38-11ee-b362-17621fefc098	
user/246b26c8-27b5-11ee-a5c0-df476ccc7025	
global/4478f2c0-1de9-11eb-a71d-c759fe8c7a0a	png
user/e6d830a2-591a-11ee-a30c-fbe378187bc0	
user/e2536ff0-bac8-11ee-9e1a-77b99c221521	
global/73389cce-aa8c-11ec-a386-4bc7be933912	png
web/a6bdc0ee-7e6e-11ee-a8d9-f723a6b42873	png
user/d5d3df48-8397-11ee-aea3-a79d239999b6	
user/fca8ad34-8521-11ee-b0f1-77d0c205f6af	
user/9963657a-8530-11ee-8c53-dbedf315e02c	
web/b3af2f90-7e41-11ee-aa75-37bb4e4c214b	png
global/c9f1b0c2-0c13-11ec-bca5-6ba688889148	png
user/2588eda0-7e41-11ee-bf29-c3dc006bbe19	
user/e2fc26ae-4c96-11ee-85c8-1b9eec2e34c5	
user/51ddcf22-bfac-11ee-9bc2-1f77f0d6c03c	
global/c6366e9a-f8a8-11ed-a28c-db66b8801172	png
user/fb5a9c5a-28cc-11ee-8d85-532b32225c91	
user/9820ba3a-851e-11ee-805e-5f95780bbb91	
web/9bf46d20-814d-11ee-9b6a-4f626a50b1e4	png
user/f81fc6ae-86e2-11ee-97f6-cf9a4c36d131	
global/e7c8634c-eedb-11ec-a1ce-fb74ff3140f8	png
user/f226031e-8307-11ee-94c3-5f3d9b5bf26b	png
global/23f6d008-1de9-11eb-ab91-33f9f38006a1	png
global/425c8ff0-1dea-11eb-826d-d7059604a326	png
global/1574ed1a-8ab4-11ec-99c9-2fa38629a596	png
global/1639cb48-f896-11ed-881f-a766f8359e61	png
user/a978b792-bfac-11ee-a4ff-838220f22f91	
user/8a237450-8392-11ee-87ee-3be688ce88af	
user/eb22aa32-851d-11ee-aa05-fbc4d8daea65	
global/79ec4094-aa8b-11ec-b172-b33e6e0a9d64	png
global/7123de2e-1dea-11eb-9403-cfcfdb66ffd2	png
web/78017722-4b20-11ee-8647-5b4720754c0c	png
user/bc76931a-aec6-11ee-ae3b-3f91875abb77	
user/7fd4d31e-8139-11ee-a366-9399c442fde7	
global/84297f5e-2bcc-11ee-8bf9-e714814b989e	png
user/414fec18-86df-11ee-8000-fb4112fa4eb4	
global/cbea2782-3bf8-11ec-b1d2-2f8e56a37ca5	png
user/c0a28252-86e2-11ee-acea-fb6164614125	
user/e9d0a51e-c07b-11ee-8f62-13652a2009b0	
user/2ecc852a-7e41-11ee-ae56-6bc063301d17	
global/741f0b54-15c2-11ed-9167-079dbd4f9c6b	png
user/8051d8c6-8474-11ee-a5a0-0fe6b9925500	
global/c8f0856c-06a6-11ec-a935-4338c895a418	png
global/6cb39d1c-1de9-11eb-a745-0bf26d1e185a	png
global/1711a496-4253-11ec-a3f8-b3d76c2b7af9	png
global/abbc6ce4-d361-11ec-b0eb-0bfa459f5424	png
user/649423d0-8138-11ee-af50-ff3310e06f8b	
web/2ba48e9c-27b1-11ee-a99f-8f1ac21e77ec	png
user/0769fa7c-4e43-11ee-8860-bbdccafe3bfd	
global/d38333f0-175c-11ec-ab7a-ab89c7d803f1	png
global/1b009572-ec98-11ec-b8b1-1f0cbc970784	png
web/2a379732-83f7-11ee-b203-8b7967831ded	png
user/e0a145f2-813d-11ee-94e7-8725194e94fe	
user/b033cc96-4c9a-11ee-9da1-ff8310bd8eed	
global/ea4c9c76-d362-11ec-a5fa-ebb0f1b421b7	png
user/8933c9d0-851f-11ee-b139-93acabea7171	
global/d4c69082-c6fb-11ec-9a1b-07959ea769ca	png
global/6afd523c-1dea-11eb-91bd-2784115d24b6	png
global/4a55c794-1dea-11eb-826d-6776421cebdd	png
user/5a98418e-4e13-11ee-92ba-436e0f97d664	
web/af06f812-838a-11ee-9a72-cfeb8e0d87d5	png
user/0c84fb56-b446-11ee-ab06-5b6224ad00a1	
user/a2f4565c-aa5c-11ee-80fb-973fb551d270	
user/534dadee-27b0-11ee-88a0-c30c78aec9fe	
user/31bea798-8398-11ee-b3fd-c796fc82c705	
web/f50a2b86-2944-11ee-8f81-6b1a27d083ea	png
user/179e359a-28d5-11ee-93d0-1b28b9337c84	
user/3c0b6a22-5910-11ee-8119-8fa1ea6845a9	
web/7efee99c-591c-11ee-ac1b-67a2deddb86d	png
user/5981b5be-27b2-11ee-a1f4-eb818ad9464d	
global/93cb561a-1de9-11eb-9403-b7cf7c7f8533	png
user/f33aa58c-28cd-11ee-8176-1b12069c39d6	
global/6a78ce9a-1dea-11eb-8bb1-2b37d1e17500	png
user/a993104e-8143-11ee-985f-3b182744cddd	
web/2a88fd2c-4f4d-11ee-b982-0f649fd7789e	png
web/35e0e10a-83f8-11ee-97bc-67a0e6f2843f	png
user/b00ba53e-bac9-11ee-b646-9bdd9bca5467	
global/49550568-9e2b-11ec-be16-abaea57c94c7	png
web/3c1c9d62-4c93-11ee-9718-7f208fe7a62f	png
user/407c90d6-9a83-11ee-97bb-d740d2d8e1ed	
global/ec3252dc-368d-11ec-a107-8ffda1a501a4	png
user/d1ec1f18-5916-11ee-a5ba-c7b82021304d	
user/13f48618-4e43-11ee-9c00-6f1e2f16703f	
user/46071232-8472-11ee-8f05-f36f14cfb184	
user/99e2c59a-8517-11ee-8e1b-dfca742cb1b5	
user/0bff1104-27a0-11ee-be4b-c35337665bf6	
global/cc95d678-1de9-11eb-91bd-635d8c1b9146	png
user/51484656-9a71-11ee-8983-37818f282692	
user/7e01460a-aa59-11ee-89a8-7304ce830297	
global/51bf5842-1dea-11eb-9620-2b11b9aba5da	png
global/ef6a7e3c-312b-11ec-886c-3f03a734d045	png
user/34c1a024-9a83-11ee-9de5-f33ededa897d	
global/0d9cd2fa-eee7-11ec-8826-df738b67787b	png
user/9eedc74c-7bc1-11ee-862a-d3bf68717384	
user/4d018d66-5910-11ee-9d60-b779603509a7	
user/215ce1de-847a-11ee-a2bf-2f720666b13e	
user/8a881888-bac9-11ee-a4e2-87299d0aa13c	
user/dfe49d9e-591a-11ee-abed-8b5130b31fb3	
global/0e71a85c-1de9-11eb-b1e2-2726fc1770ff	png
user/a6c2522a-8392-11ee-a265-836d0318a4c5	
user/5afd533c-27b0-11ee-bb1d-93a75d39847b	
global/ae9068d8-d4ee-11ec-8ed5-673190835332	png
global/2759414e-1dea-11eb-826d-7b634cf54961	png
user/08a761d8-851e-11ee-b562-cbeb8443e18d	
user/41b63064-8472-11ee-8f05-7b6b6142e5a5	
user/0d45856a-8138-11ee-9a95-cb9a3f2141fa	
global/feca25e2-6a34-11ed-8293-1383abbe3709	png
user/4cb9bb7e-bac9-11ee-a3ee-9b89bf7bc3b3	
user/2a3266ac-7e40-11ee-9bec-077cff784c04	
web/92fbebf8-7e4b-11ee-b1de-a70e280b55ee	png
user/551b6d02-9a6d-11ee-bcb1-63425d81ea65	
user/4fec6ae6-4e11-11ee-80e8-6b5427771536	
user/00ea9042-82d4-11ee-882a-afcd3f356fc2	
user/004b6cf8-7e40-11ee-bf74-97083c55ca3a	
user/f6effbbc-851d-11ee-a9ae-4b1e7c43d324	
user/cba4061e-8474-11ee-a5a0-4f9643502d79	
user/81a106a8-7e42-11ee-bebe-13f1ab3965f8	
user/7085a526-baca-11ee-94e9-13b5da2d1390	
user/1e7cb2b6-2799-11ee-a270-ebabb74fadfc	
global/033d4836-6764-11ec-87ba-534555d890ac	png
user/ea79c864-4c96-11ee-828d-93d5047cc8b9	
global/b75c8466-5ebe-11ec-949c-6f54dfeb9c9d	png
user/1e4e5d62-27b2-11ee-a4e5-3b42232ede35	
user/6838ae9a-4e14-11ee-be8c-379c168c7a21	
global/e7b76712-d361-11ec-95bf-03d14d2e961f	png
user/a2d5d100-9a6c-11ee-be3f-5fdf3e606852	
user/6ec3e596-86df-11ee-b191-abe11e20a62d	
user/174cb984-b446-11ee-b09b-afb1c324f790	
user/038243d2-9a84-11ee-84e2-034dd24bc911	
global/4bf3dbea-d360-11ec-b19a-2b7a0d72c616	png
user/9d5c691c-8475-11ee-9795-0366ec050713	
global/8c282692-5ec3-11ec-8283-ef3e6e21eca5	png
user/98021c3c-590f-11ee-906d-d7ac14cd6967	
user/d8e3f948-bfab-11ee-9bc2-c7a4ca38e080	
web/f2c22d72-4b1f-11ee-9148-bbb29646c4e8	png
web/11cbdf3a-a4f6-11ee-93ba-0732daf4298f	png
global/844f7ace-1765-11ec-bc9b-534bbb2dc465	png
user/fbd99746-851d-11ee-8b92-dbaace0ccdb9	
global/bbfdf5ba-f89e-11ed-b4db-2fecaee75b1f	png
user/a3d7f588-28d4-11ee-a9f4-27636aaccbb6	
user/99c765cc-9a73-11ee-8983-0ff2b8cf9620	
global/88774956-f88c-11ed-9e51-eb713760ea42	png
user/ec5fa112-8143-11ee-93d5-0fedc90ef15d	
user/895614ac-8139-11ee-b4c3-df7fce38876d	
user/8fd71efc-28d3-11ee-9ef8-0764ab46f11b	
user/19f524aa-8516-11ee-85f1-03f9fceb76c2	
global/cabd0712-052a-11ec-a638-074dfca01d6e	png
user/e2be1f66-851d-11ee-bb04-bb7ced730528	
user/e4b9385a-8473-11ee-b447-6b51166ad6e9	
global/eca603f6-0b5b-11ec-847e-eb25b5dbdb9f	png
global/d68aa834-3c33-11ec-9889-9738e52d43f8	png
global/6b6d2dec-57b3-11ec-98ca-c3747b751d62	png
user/5ed344f8-27b5-11ee-a1de-5757e058ee0a	
user/f0aabba8-8143-11ee-97ac-6b658077fa44	
user/f528a230-82d3-11ee-8f53-bfd71b759e0e	
user/b6f74e3a-8143-11ee-9ee2-cb5ff3293d4a	
user/918c9666-8475-11ee-98ff-ff76a3eaed4e	
global/bf01eb4e-eedc-11ec-8e95-f73a8dd1b01a	png
user/7709c850-baca-11ee-b646-5b67192092aa	
user/62667ad4-bac9-11ee-8561-332d5aa23b6e	
global/0f266da6-c6fc-11ec-8f2c-4ffc8f0817d8	png
web/a2b95f72-56d1-11ee-9d3a-8b9ed8d4595d	png
global/aa203790-222b-11ec-a32f-ff5861d2f89c	png
user/af5dadb4-817e-11ee-a52b-3f749ee6aa95	
global/6242247e-1cae-11ec-84ad-13fb42b961c2	png
user/9a599b5a-27a4-11ee-a018-5be639889bab	
global/e7d436c6-eee6-11ec-8ce3-6bb6060f4f0e	png
user/4cc75320-86de-11ee-bb3b-1b4adf360fba	
user/9ff4a04e-28d2-11ee-97e8-d35dca2a6adc	
web/5f6d05b2-8308-11ee-94c3-8be0d9c14ce5	png
user/34d4353c-8394-11ee-8ac0-c7da13ca601a	
global/d56b30d2-26d4-11ec-af5b-c74d58fdf050	png
global/f14724c8-eede-11ec-a5ad-ebd2d97fb3c6	png
user/24cbf3e6-2796-11ee-ab1a-ff18efbf4505	png
user/ae653a10-8473-11ee-a0fb-e3bc392f3fba	
user/ed0a5386-8473-11ee-b327-d35c6ada54fe	
global/da798430-260b-11ec-8622-db8bac0b20fa	png
